original_name,canonical_name
Shaykh Mohammed Mahmoud,Shaykh Mohammed Mahmoud
Shaykh Mohammad Mahmoud,Shaykh Mohammed Mahmoud
Shaykh Muhammad,Shaykh Mohammed Mahmoud
Shaykh Mohammed Mahmoud #identity #purpose,Shaykh Mohammed Mahmoud
Shaykh Muhammad Mahmood,Shaykh Mohammed Mahmoud
Ustadh Imran Khan,Ustadh Imran Khan
Ustadh Imran,Ustadh Imran Khan
Ustadh Harun Waheed,Ustadh Harun Waheed
Ustadh Harun Dabbagh,Ustadh Harun Waheed
Ustadh Harun,Ustadh Harun Waheed
Ustadh Harun Waheed Dabbagh,Ustadh Harun Waheed
Harun Waheed Dabbagh,Ustadh Harun Waheed
Harun Dabbagh,Ustadh Harun Waheed
Ustadh Abdullah Ahmed,Ustadh Abdullah Ahmed
Ustadh Abdullah,Ustadh Abdullah Ahmed
USTADH ABDULLAH,Ustadh Abdullah Ahmed
Ustadh Tanim Zaman,Ustadh Tanim Zaman
Ustadh Tanim,Ustadh Tanim Zaman
Ustadh AbdurRaheem Dabbagh,Ustadh Abdur Raheem Dabbagh
Ustadh Abdurraheem,Ustadh Abdur Raheem Dabbagh
Shaykh AbdurRaheem,Ustadh Abdur Raheem Dabbagh
Ustadh AbdurRaheem Dabbagh,Ustadh Abdur Raheem Dabbagh
Shaykh Abdurraheem Dabbagh,Ustadh Abdur Raheem Dabbagh
Ustadh Abduraheem Dabbagh,Ustadh Abdur Raheem Dabbagh
Shaykh Salman Hasan,Shaykh Salman Hasan
Shaykh Salman,Shaykh Salman Hasan
Shaykh Ahmad Dabbagh,Shaykh Ahmad Dabbagh
